﻿<?xml version="1.0" encoding="utf-8"?>
<customization xmlns:scs="http://scs.sonyericsson.net/xsd/CDAGInput.xsd" xmlns:s="s.data">
  <info>
    <pcr-created>2008-09-09T17:57:08</pcr-created>
    <created-by>22707347</created-by>
    <pcr-id>11818</pcr-id>
    <pcr-revision>1</pcr-revision>
    <cda-number>1219-0786</cda-number>
    <cda-revision>R1A</cda-revision>
    <model>Rika</model>
    <country>France</country>
    <operator>Customized FR</operator>
    <xslt-version>1.0.1</xslt-version>
    <language-variant-name>FRANCE</language-variant-name>
    <allowed-language>en</allowed-language>
    <allowed-language>fr</allowed-language>
  </info>
  <clock>
    <auto-time-zone>false</auto-time-zone>
    <date-format>euro</date-format>
    <time-format>24h</time-format>
    <date>2008-09-10</date>
  </clock>
  <network>
    <sms-bearer>cs</sms-bearer>
    <remove-preferred-sms-bearer-menu>false</remove-preferred-sms-bearer-menu>
  </network>
  <internet>
    <account modifiable="true" account-type="ps">
      <name>Orange World</name>
      <username>orange</username>
      <password>orange</password>
      <prompt-password>false</prompt-password>
      <apn>orange</apn>
      <service-mode>automatic</service-mode>
      <authentication>none</authentication>
      <data-compression>false</data-compression>
      <header-compression>false</header-compression>
    </account>
    <account modifiable="true" account-type="ps">
      <name>Orange MMS</name>
      <username>orange</username>
      <password>orange</password>
      <prompt-password>false</prompt-password>
      <apn>orange.acte</apn>
      <service-mode>automatic</service-mode>
      <authentication>none</authentication>
      <data-compression>false</data-compression>
      <header-compression>false</header-compression>
    </account>
    <account modifiable="true" account-type="ps">
      <name>SFR WAP</name>
      <prompt-password>false</prompt-password>
      <apn>wapsfr</apn>
      <service-mode>automatic</service-mode>
      <authentication>none</authentication>
      <data-compression>false</data-compression>
      <header-compression>false</header-compression>
    </account>
    <account modifiable="true" account-type="ps">
      <name>SFR MMS</name>
      <prompt-password>false</prompt-password>
      <apn>mmssfr</apn>
      <service-mode>automatic</service-mode>
      <authentication>none</authentication>
      <data-compression>false</data-compression>
      <header-compression>false</header-compression>
    </account>
    <account modifiable="true" account-type="ps">
      <name>Bouygtel</name>
      <prompt-password>false</prompt-password>
      <apn>mmsbouygtel.com</apn>
      <service-mode>automatic</service-mode>
      <authentication>none</authentication>
      <data-compression>false</data-compression>
      <header-compression>false</header-compression>
    </account>
    <account modifiable="true" account-type="ps">
      <name>NRJ WAP</name>
      <prompt-password>false</prompt-password>
      <apn>wapnrj</apn>
      <service-mode>automatic</service-mode>
      <authentication>none</authentication>
      <data-compression>false</data-compression>
      <header-compression>false</header-compression>
    </account>
    <account modifiable="true" account-type="ps">
      <name>NRJ MMS</name>
      <prompt-password>false</prompt-password>
      <apn>mmsnrj</apn>
      <service-mode>automatic</service-mode>
      <authentication>none</authentication>
      <data-compression>false</data-compression>
      <header-compression>false</header-compression>
    </account>
    <account modifiable="true" account-type="ps">
      <name>Virgin WAP</name>
      <username>orange</username>
      <password>orange</password>
      <prompt-password>false</prompt-password>
      <apn>ofnew.fr</apn>
      <service-mode>automatic</service-mode>
      <authentication>none</authentication>
      <data-compression>false</data-compression>
      <header-compression>false</header-compression>
    </account>
    <account modifiable="true" account-type="ps">
      <name>Virgin MMS</name>
      <username>orange</username>
      <password>orange</password>
      <prompt-password>false</prompt-password>
      <apn>orange.acte</apn>
      <service-mode>automatic</service-mode>
      <authentication>none</authentication>
      <data-compression>false</data-compression>
      <header-compression>false</header-compression>
    </account>
  </internet>
  <wap>
    <bookmark name="Sony Ericsson">http://wap.sonyericsson.com/download.do?cmd=owp&amp;appl=home</bookmark>
    <bookmark name="Google">http://wap.sonyericsson.com/download/download.do?cmd=bm&amp;appl=searchengine</bookmark>
  </wap>
  <messaging>
    <send-as-email>true</send-as-email>
  </messaging>
  <sms>
    <menu-visibility>
      <concatenation-visibility>visible</concatenation-visibility>
    </menu-visibility>
    <enable-concatenation>true</enable-concatenation>
    <empty-sms>true</empty-sms>
    <allow-ucs2>true</allow-ucs2>
  </sms>
  <mmi>
    <settings>
      <default-language>fr</default-language>
      <t9-dictionary>true</t9-dictionary>
      <highlight-direct-link>false</highlight-direct-link>
      <enable-national-characters>true</enable-national-characters>
    </settings>
  </mmi>
  <drm>
    <licenses>
    </licenses>
    <settings>
      <push-wait-time>25</push-wait-time>
    </settings>
  </drm>
  <camera>
    <suppress-camera-sound>true</suppress-camera-sound>
  </camera>
  <registry>
    <cmz>
      <status reg-path="/apps/cmz/status">
        <data-account-customized>true</data-account-customized>
      </status>
    </cmz>
    <ready-to-run>
      <settings reg-path="/apps/ready-to-run">
      </settings>
    </ready-to-run>
    <doja>
      <settings reg-path="/apps/doja/settings">
        <default-time-zone>0</default-time-zone>
      </settings>
    </doja>
    <ui>
      <settings reg-path="/apps/ui">
        <standby>
          <show-flight-mode-at-startup>1</show-flight-mode-at-startup>
        </standby>
        <screensaver>
          <automatic-keylock>0</automatic-keylock>
        </screensaver>
      </settings>
    </ui>
    <call-handling>
      <settings reg-path="/apps/call-handling">
        <ui>
          <speaker-disconnect-onflipclose>true</speaker-disconnect-onflipclose>
          <open-to-answer>1</open-to-answer>
          <show-number-when-sat-modified>false</show-number-when-sat-modified>
          <sliderclose-endcall>true</sliderclose-endcall>
        </ui>
      </settings>
    </call-handling>
    <browser>
      <settings reg-path="/apps/browser">
      </settings>
    </browser>
    <push>
      <settings reg-path="/apps/push">
      </settings>
    </push>
    <email parse-mask="fa">
      <settings reg-path="/apps/msg-email">
      </settings>
    </email>
    <mms>
      <settings reg-path="/apps/msg/mms">
        <content-creation-mode type="str">warning</content-creation-mode>
        <account-list>
          <account id="1">
            <name type="wstr">Orange MMS</name>
            <message-server type="str">http://mms.orange.fr</message-server>
            <netw-account type="wstr">Orange MMS</netw-account>
          </account>
          <account id="2">
            <name type="wstr">SFR MMS</name>
            <message-server type="str">http://mms1</message-server>
            <netw-account type="wstr">SFR MMS</netw-account>
          </account>
          <account id="3">
            <name type="wstr">Bouygues MMS</name>
            <message-server type="str">http://mms.bouyguestelecom.fr/mms/wapenc</message-server>
            <netw-account type="wstr">Bouygtel</netw-account>
          </account>
          <account id="4">
            <name type="wstr">NRJ MMS</name>
            <message-server type="str">http://mmsnrj</message-server>
            <netw-account type="wstr">NRJ MMS</netw-account>
          </account>
          <account id="5">
            <name type="wstr">Virgin MMS</name>
            <message-server type="str">http://mms.orange.fr</message-server>
            <netw-account type="wstr">Virgin MMS</netw-account>
          </account>
        </account-list>
      </settings>
    </mms>
    <dcom>
      <settings reg-path="/apps/dcom">
        <proxy-list>
          <proxy id="1">
            <name type="wstr">Orange World</name>
            <address type="wstr">192.168.10.100</address>
            <account-name type="wstr">Orange World</account-name>
            <port>8080</port>
            <type type="str">HTTP</type>
            <enabled>true</enabled>
          </proxy>
          <proxy id="2">
            <name type="wstr">Orange MMS</name>
            <address type="wstr">192.168.10.200</address>
            <account-name type="wstr">Orange MMS</account-name>
            <port>8080</port>
            <type type="str">HTTP</type>
            <enabled>true</enabled>
          </proxy>
          <proxy id="3">
            <name type="wstr">SFR WAP</name>
            <address type="wstr">195.115.25.129</address>
            <account-name type="wstr">SFR WAP</account-name>
            <port>8080</port>
            <type type="str">HTTP</type>
            <enabled>true</enabled>
          </proxy>
          <proxy id="4">
            <name type="wstr">SFR MMS</name>
            <address type="wstr">10.151.0.1</address>
            <account-name type="wstr">SFR MMS</account-name>
            <port>8080</port>
            <type type="str">HTTP</type>
            <enabled>true</enabled>
          </proxy>
          <proxy id="5">
            <name type="wstr">Bouygtel</name>
            <address type="wstr">62.201.129.226</address>
            <account-name type="wstr">Bouygtel</account-name>
            <port>8080</port>
            <type type="str">HTTP</type>
            <enabled>true</enabled>
          </proxy>
          <proxy id="6">
            <name type="wstr">NRJ WAP</name>
            <address type="wstr">192.168.21.5</address>
            <account-name type="wstr">NRJ WAP</account-name>
            <port>8080</port>
            <type type="str">HTTP</type>
            <enabled>true</enabled>
          </proxy>
          <proxy id="7">
            <name type="wstr">NRJ MMS</name>
            <address type="wstr">10.143.156.5</address>
            <account-name type="wstr">NRJ MMS</account-name>
            <port>8080</port>
            <type type="str">HTTP</type>
            <enabled>true</enabled>
          </proxy>
          <proxy id="8">
            <name type="wstr">Virgin WAP</name>
            <address type="wstr">192.168.10.100</address>
            <account-name type="wstr">Virgin WAP</account-name>
            <port>8080</port>
            <type type="str">HTTP</type>
            <enabled>true</enabled>
          </proxy>
          <proxy id="9">
            <name type="wstr">Virgin MMS</name>
            <address type="wstr">192.168.10.200</address>
            <account-name type="wstr">Virgin MMS</account-name>
            <port>8080</port>
            <type type="str">HTTP</type>
            <enabled>true</enabled>
          </proxy>
        </proxy-list>
        <account-list>
          <account id="1">
            <name type="wstr">Orange World</name>
            <homepage-title type="wstr">Orange World</homepage-title>
            <homepage-url type="wstr">http://www.orange.fr</homepage-url>
          </account>
          <account id="2">
            <name type="wstr">Orange MMS</name>
            <homepage-title type="wstr">Orange MMS</homepage-title>
            <homepage-url type="wstr">http://mms.orange.fr</homepage-url>
          </account>
          <account id="3">
            <name type="wstr">SFR WAP</name>
            <homepage-title type="wstr">SFR WAP</homepage-title>
            <homepage-url type="wstr">http://live.vodafone.com</homepage-url>
          </account>
          <account id="4">
            <name type="wstr">SFR MMS</name>
            <homepage-title type="wstr">SFR MMS</homepage-title>
            <homepage-url type="wstr">http://mms1</homepage-url>
          </account>
          <account id="5">
            <name type="wstr">Bouygtel</name>
            <homepage-title type="wstr">Bouygtel</homepage-title>
            <homepage-url type="wstr">http://wap.bouygtel.fr</homepage-url>
          </account>
          <account id="6">
            <name type="wstr">NRJ WAP</name>
            <homepage-title type="wstr">NRJ WAP</homepage-title>
            <homepage-url type="wstr">http://wap.nrjmobile.com</homepage-url>
          </account>
          <account id="7">
            <name type="wstr">NRJ MMS</name>
            <homepage-title type="wstr">NRJ MMS</homepage-title>
            <homepage-url type="wstr">http://mmsnrj</homepage-url>
          </account>
          <account id="8">
            <name type="wstr">Virgin WAP</name>
            <homepage-title type="wstr">Virgin WAP</homepage-title>
            <homepage-url type="wstr">http://wap.virginmobile.fr</homepage-url>
          </account>
          <account id="9">
            <name type="wstr">Virgin MMS</name>
            <homepage-title type="wstr">Virgin MMS</homepage-title>
            <homepage-url type="wstr">http://mms.orange.fr/</homepage-url>
          </account>
        </account-list>
      </settings>
    </dcom>
    <network>
      <settings reg-path="/apps/network">
      </settings>
    </network>
    <flash-desktop>
      <settings reg-path="/apps/flash-desktop">
        <enable>true</enable>
      </settings>
    </flash-desktop>
    <ims>
      <settings reg-path="/apps/ims">
      </settings>
    </ims>
    <user-profiles>
      <settings reg-path="/apps/user-profiles">
      </settings>
    </user-profiles>
    <fota>
      <settings reg-path="/apps/fota">
        <general>
          <enable-fota>true</enable-fota>
          <enable-menu>true</enable-menu>
          <fumo-statuscode-version>1.0_20050104</fumo-statuscode-version>
          <enable-network-warn-msg>false</enable-network-warn-msg>
        </general>
      </settings>
    </fota>
    <videoshare>
      <settings reg-path="/apps/videoshare">
      </settings>
    </videoshare>
    <ui-phonebook>
      <settings reg-path="/apps/ui-phonebook">
      </settings>
    </ui-phonebook>
    <ui-camera>
      <settings reg-path="/apps/ui-camera">
        <enable-shutter-sound-off>true</enable-shutter-sound-off>
      </settings>
    </ui-camera>
    <databrowser>
      <settings reg-path="/apps/databrowser">
      </settings>
    </databrowser>
    <mediacenter>
      <settings reg-path="/apps/mediacenter">
      </settings>
    </mediacenter>
    <progressivedl>
      <settings reg-path="/apps/progressivedl">
      </settings>
    </progressivedl>
    <mtp>
      <settings reg-path="/apps/mtp">
      </settings>
    </mtp>
    <btconnmgr>
      <settings reg-path="/apps/btconnmgr">
        <discoverable>1</discoverable>
        <op-mode>0</op-mode>
      </settings>
    </btconnmgr>
    <string-input>
      <settings reg-path="/apps/string-input">
      </settings>
    </string-input>
    <mobiletv>
      <settings reg-path="/apps/mobiletv">
      </settings>
    </mobiletv>
    <clock>
      <settings reg-path="/apps/clock">
      </settings>
    </clock>
    <positioning>
      <settings reg-path="/apps/positioning">
      </settings>
    </positioning>
    <positioning-ui>
      <settings reg-path="/apps/positioning-ui">
      </settings>
    </positioning-ui>
    <mmt>
      <settings reg-path="/apps/mmt">
      </settings>
    </mmt>
    <info>
      <settings reg-path="/apps/info">
        <customer-id>324</customer-id>
      </settings>
    </info>
    <clcservices>
      <settings reg-path="/apps/clcservices">
      </settings>
    </clcservices>
    <usb>
      <settings reg-path="/apps/usb">
      </settings>
    </usb>
    <multimedia-content-provider>
      <settings reg-path="/apps/multimedia-content-provider">
      </settings>
    </multimedia-content-provider>
    <gan>
      <settings reg-path="/apps/gan">
      </settings>
    </gan>
    <wireless-village>
      <settings reg-path="/apps/wireless-village">
        <wv-enabled>true</wv-enabled>
      </settings>
    </wireless-village>
    <wifi>
      <settings reg-path="/apps/wifi/cust">
      </settings>
    </wifi>
    <eap>
      <settings reg-path="/apps/wifi/eap">
      </settings>
    </eap>
  </registry>
  <simlock />
</customization>