﻿<?xml version="1.0" encoding="utf-8"?>
<customization xmlns:scs="http://scs.sonyericsson.net/xsd/CDAGInput.xsd">
  <info>
    <pcr-created>2007-05-09T15:28:58</pcr-created>
    <created-by>Daniel Allansson</created-by>
    <pcr-id>283</pcr-id>
    <pcr-revision>115</pcr-revision>
    <cda-number>CDA102568/2</cda-number>
    <cda-revision>R8A</cda-revision>
    <model>HB1-06 Gen</model>
    <country>Sweden</country>
    <operator>Sony Ericsson</operator>
    <language-variant-name>CENT_EUROPE</language-variant-name>
    <allowed-language>en</allowed-language>
    <allowed-language>pl</allowed-language>
    <allowed-language>cs</allowed-language>
    <allowed-language>sk</allowed-language>
    <allowed-language>hu</allowed-language>
  </info>
  <clock>
    <date>2007-05-09</date>
  </clock>
  <wap>
    <bookmark name="Sony Ericsson">http://wap.sonyericsson.com</bookmark>
    <bookmark name="Google Search">http://wap.sonyericsson.com/download/download.do?cmd=bm&amp;appl=searchengine</bookmark>
  </wap>
  <mmi>
    <profile id="0">
    </profile>
    <settings>
    </settings>
  </mmi>
  <use-old-cust>false</use-old-cust>
</customization>